{
  "VideoDescription": {
    "CodecSettings": {
      "Codec": "H_264",
      "H264Settings": {
        "CodecProfile": "HIGH",
        "SpatialAdaptiveQuantization": "ENABLED",
        "TemporalAdaptiveQuantization": "ENABLED",
        "Softness": 0,
        "Syntax": "DEFAULT",
        "FramerateNumerator": 24000,
        "MinIInterval": 0,
        "UnregisteredSeiTimecode": "DISABLED",
        "FramerateControl": "SPECIFIED",
        "NumberReferenceFrames": 3,
        "FramerateDenominator": 1001,
        "QvbrSettings": {
          "QvbrQualityLevel": 8
        },
        "MaxBitrate": 6000000,
        "RateControlMode": "QVBR",
        "GopBReference": "DISABLED",
        "EntropyEncoding": "CABAC",
        "GopSizeUnits": "SECONDS",
        "FlickerAdaptiveQuantization": "ENABLED",
        "Telecine": "NONE",
        "ParDenominator": 1,
        "AdaptiveQuantization": "HIGH",
        "InterlaceMode": "PROGRESSIVE",
        "QualityTuningLevel": "SINGLE_PASS_HQ",
        "HrdBufferInitialFillPercentage": 90,
        "RepeatPps": "DISABLED",
        "FieldEncoding": "PAFF",
        "SlowPal": "DISABLED",
        "GopClosedCadence": 1,
        "GopSize": 2.0,
        "ParControl": "SPECIFIED",
        "Slices": 1,
        "FramerateConversionAlgorithm": "DUPLICATE_DROP",
        "ParNumerator": 1,
        "SceneChangeDetect": "ENABLED",
        "CodecLevel": "LEVEL_4",
        "NumberBFramesBetweenReferenceFrames": 1,
        "HrdBufferSize": 12000000
      }
    },
    "DropFrameTimecode": "ENABLED",
    "VideoPreprocessors": {
      "Deinterlacer": {
        "Control": "NORMAL",
        "Mode": "DEINTERLACE",
        "Algorithm": "INTERPOLATE"
      }
    },
    "RespondToAfd": "NONE",
    "Sharpness": 50,
    "AfdSignaling": "NONE",
    "Height": 1920,
    "Width": 1080,
    "ScalingBehavior": "DEFAULT",
    "ColorMetadata": "INSERT",
    "AntiAlias": "ENABLED",
    "TimecodeInsertion": "DISABLED"
  },
  "AudioDescriptions": [{
    "CodecSettings": {
      "Codec": "AAC",
      "AacSettings": {
        "CodecProfile": "LC",
        "Specification": "MPEG4",
        "RateControlMode": "CBR",
        "AudioDescriptionBroadcasterMix": "NORMAL",
        "SampleRate": 48000,
        "Bitrate": 160000,
        "CodingMode": "CODING_MODE_2_0",
        "RawFormat": "NONE"
      }
    },
    "AudioSourceName": "Audio Selector 1",
    "AudioTypeControl": "FOLLOW_INPUT",
    "LanguageCodeControl": "FOLLOW_INPUT",
    "AudioType": 0
  }],
  "ContainerSettings": {
    "Mp4Settings": {
      "MoovPlacement": "PROGRESSIVE_DOWNLOAD",
      "CslgAtom": "INCLUDE",
      "FreeSpaceBox": "EXCLUDE"
    },
    "Container": "MP4"
  }
}
