{
  "VideoDescription": {
    "CodecSettings": {
      "Codec": "H_264",
      "H264Settings": {
        "CodecProfile": "HIGH",
        "SpatialAdaptiveQuantization": "ENABLED",
        "TemporalAdaptiveQuantization": "ENABLED",
        "Syntax": "DEFAULT",
        "FramerateNumerator": 30000,
        "MinIInterval": 0,
        "UnregisteredSeiTimecode": "DISABLED",
        "FramerateControl": "SPECIFIED",
        "NumberReferenceFrames": 3,
        "FramerateDenominator": 1001,
        "QvbrSettings": {
          "QvbrQualityLevel": 8
        },
        "MaxBitrate": 5000000,
        "RateControlMode": "QVBR",
        "GopBReference": "ENABLED",
        "EntropyEncoding": "CABAC",
        "GopSizeUnits": "FRAMES",
        "FlickerAdaptiveQuantization": "ENABLED",
        "Telecine": "NONE",
        "ParDenominator": 1,
        "AdaptiveQuantization": "HIGH",
        "InterlaceMode": "PROGRESSIVE",
        "QualityTuningLevel": "SINGLE_PASS_HQ",
        "HrdBufferInitialFillPercentage": 90,
        "RepeatPps": "DISABLED",
        "FieldEncoding": "PAFF",
        "SlowPal": "DISABLED",
        "GopClosedCadence": 1,
        "GopSize": 90.0,
        "ParControl": "SPECIFIED",
        "Slices": 1,
        "FramerateConversionAlgorithm": "DUPLICATE_DROP",
        "ParNumerator": 1,
        "SceneChangeDetect": "ENABLED",
        "CodecLevel": "LEVEL_4",
        "NumberBFramesBetweenReferenceFrames": 3,
        "HrdBufferSize": 10000000
      }
    },
    "DropFrameTimecode": "ENABLED",
    "VideoPreprocessors": {
      "Deinterlacer": {
        "Control": "NORMAL",
        "Mode": "DEINTERLACE",
        "Algorithm": "INTERPOLATE"
      }
    },
    "RespondToAfd": "NONE",
    "Sharpness": 50,
    "AfdSignaling": "NONE",
    "Height": 1280,
    "Width": 720,
    "ScalingBehavior": "DEFAULT",
    "ColorMetadata": "INSERT",
    "AntiAlias": "ENABLED",
    "TimecodeInsertion": "DISABLED"
  },
  "ContainerSettings": {
    "Container": "MPD"
  }
}
