{
  "VideoDescription": {
    "CodecSettings": {
      "Codec": "H_264",
      "H264Settings": {
        "CodecProfile": "MAIN",
        "SpatialAdaptiveQuantization": "ENABLED",
        "TemporalAdaptiveQuantization": "ENABLED",
        "Syntax": "DEFAULT",
        "FramerateNumerator": 15000,
        "MinIInterval": 0,
        "UnregisteredSeiTimecode": "DISABLED",
        "FramerateControl": "SPECIFIED",
        "NumberReferenceFrames": 3,
        "FramerateDenominator": 1001,
        "QvbrSettings": {
          "QvbrQualityLevel": 7
        },
        "MaxBitrate": 400000,
        "RateControlMode": "QVBR",
        "GopBReference": "ENABLED",
        "EntropyEncoding": "CABAC",
        "GopSizeUnits": "FRAMES",
        "FlickerAdaptiveQuantization": "ENABLED",
        "Telecine": "NONE",
        "ParDenominator": 1,
        "AdaptiveQuantization": "MEDIUM",
        "InterlaceMode": "PROGRESSIVE",
        "QualityTuningLevel": "SINGLE_PASS_HQ",
        "HrdBufferInitialFillPercentage": 90,
        "RepeatPps": "DISABLED",
        "FieldEncoding": "PAFF",
        "SlowPal": "DISABLED",
        "GopClosedCadence": 1,
        "GopSize": 45.0,
        "ParControl": "SPECIFIED",
        "Slices": 1,
        "FramerateConversionAlgorithm": "DUPLICATE_DROP",
        "ParNumerator": 1,
        "SceneChangeDetect": "ENABLED",
        "CodecLevel": "LEVEL_3_1",
        "NumberBFramesBetweenReferenceFrames": 3,
        "HrdBufferSize": 800000
      }
    },
    "DropFrameTimecode": "ENABLED",
    "VideoPreprocessors": {
      "Deinterlacer": {
        "Control": "NORMAL",
        "Mode": "DEINTERLACE",
        "Algorithm": "INTERPOLATE"
      }
    },
    "RespondToAfd": "NONE",
    "Sharpness": 50,
    "AfdSignaling": "NONE",
    "Height": 480,
    "Width": 270,
    "ScalingBehavior": "DEFAULT",
    "ColorMetadata": "INSERT",
    "AntiAlias": "ENABLED",
    "TimecodeInsertion": "DISABLED"
  },
  "AudioDescriptions": [{
    "CodecSettings": {
      "Codec": "AAC",
      "AacSettings": {
        "CodecProfile": "HEV1",
        "Specification": "MPEG4",
        "RateControlMode": "CBR",
        "AudioDescriptionBroadcasterMix": "NORMAL",
        "SampleRate": 48000,
        "Bitrate": 64000,
        "CodingMode": "CODING_MODE_2_0",
        "RawFormat": "NONE"
      }
    },
    "AudioSourceName": "Audio Selector 1",
    "AudioTypeControl": "FOLLOW_INPUT",
    "LanguageCodeControl": "FOLLOW_INPUT",
    "AudioType": 0
  }],
  "ContainerSettings": {
    "M3u8Settings": {
      "PatInterval": 0,
      "PcrControl": "PCR_EVERY_PES_PACKET",
      "PrivateMetadataPid": 503,
      "VideoPid": 481,
      "ProgramNumber": 1,
      "PmtPid": 480,
      "PmtInterval": 0,
      "AudioPids": [
        482,
        483,
        484,
        485,
        486,
        487,
        488,
        489,
        490,
        491,
        492,
        493,
        494,
        495,
        496,
        497,
        498
      ],
      "AudioFramesPerPes": 4
    },
    "Container": "M3U8"
  }
}
